class,confidence,x1,y1,x2,y2,image_w,image_h,source_path,output_path
chair,0.9078,1515,1305,1679,1495,2400,1596,D:\back\projects_and_portfolio\Deep Learning\04_pc_vision\multi_methode\images\segmented\regina-victorica-FH8hDSkq8J4-unsplash_overlay.png,D:\back\projects_and_portfolio\Deep Learning\04_pc_vision\multi_methode\images\yolo\regina-victorica-FH8hDSkq8J4-unsplash_overlay_from_overlay_yolo.png
person,0.8974,1757,163,1895,433,2400,1596,D:\back\projects_and_portfolio\Deep Learning\04_pc_vision\multi_methode\images\segmented\regina-victorica-FH8hDSkq8J4-unsplash_overlay.png,D:\back\projects_and_portfolio\Deep Learning\04_pc_vision\multi_methode\images\yolo\regina-victorica-FH8hDSkq8J4-unsplash_overlay_from_overlay_yolo.png
chair,0.8768,1740,1271,1960,1460,2400,1596,D:\back\projects_and_portfolio\Deep Learning\04_pc_vision\multi_methode\images\segmented\regina-victorica-FH8hDSkq8J4-unsplash_overlay.png,D:\back\projects_and_portfolio\Deep Learning\04_pc_vision\multi_methode\images\yolo\regina-victorica-FH8hDSkq8J4-unsplash_overlay_from_overlay_yolo.png
chair,0.8693,1383,1056,1537,1291,2400,1596,D:\back\projects_and_portfolio\Deep Learning\04_pc_vision\multi_methode\images\segmented\regina-victorica-FH8hDSkq8J4-unsplash_overlay.png,D:\back\projects_and_portfolio\Deep Learning\04_pc_vision\multi_methode\images\yolo\regina-victorica-FH8hDSkq8J4-unsplash_overlay_from_overlay_yolo.png
dining table,0.8494,239,1204,682,1511,2400,1596,D:\back\projects_and_portfolio\Deep Learning\04_pc_vision\multi_methode\images\segmented\regina-victorica-FH8hDSkq8J4-unsplash_overlay.png,D:\back\projects_and_portfolio\Deep Learning\04_pc_vision\multi_methode\images\yolo\regina-victorica-FH8hDSkq8J4-unsplash_overlay_from_overlay_yolo.png
dining table,0.8432,510,286,747,454,2400,1596,D:\back\projects_and_portfolio\Deep Learning\04_pc_vision\multi_methode\images\segmented\regina-victorica-FH8hDSkq8J4-unsplash_overlay.png,D:\back\projects_and_portfolio\Deep Learning\04_pc_vision\multi_methode\images\yolo\regina-victorica-FH8hDSkq8J4-unsplash_overlay_from_overlay_yolo.png
chair,0.8369,2232,1319,2399,1473,2400,1596,D:\back\projects_and_portfolio\Deep Learning\04_pc_vision\multi_methode\images\segmented\regina-victorica-FH8hDSkq8J4-unsplash_overlay.png,D:\back\projects_and_portfolio\Deep Learning\04_pc_vision\multi_methode\images\yolo\regina-victorica-FH8hDSkq8J4-unsplash_overlay_from_overlay_yolo.png
chair,0.8248,613,1401,788,1581,2400,1596,D:\back\projects_and_portfolio\Deep Learning\04_pc_vision\multi_methode\images\segmented\regina-victorica-FH8hDSkq8J4-unsplash_overlay.png,D:\back\projects_and_portfolio\Deep Learning\04_pc_vision\multi_methode\images\yolo\regina-victorica-FH8hDSkq8J4-unsplash_overlay_from_overlay_yolo.png
dining table,0.8211,883,1137,1257,1474,2400,1596,D:\back\projects_and_portfolio\Deep Learning\04_pc_vision\multi_methode\images\segmented\regina-victorica-FH8hDSkq8J4-unsplash_overlay.png,D:\back\projects_and_portfolio\Deep Learning\04_pc_vision\multi_methode\images\yolo\regina-victorica-FH8hDSkq8J4-unsplash_overlay_from_overlay_yolo.png
dining table,0.8177,1540,1026,1884,1338,2400,1596,D:\back\projects_and_portfolio\Deep Learning\04_pc_vision\multi_methode\images\segmented\regina-victorica-FH8hDSkq8J4-unsplash_overlay.png,D:\back\projects_and_portfolio\Deep Learning\04_pc_vision\multi_methode\images\yolo\regina-victorica-FH8hDSkq8J4-unsplash_overlay_from_overlay_yolo.png
person,0.8154,352,1428,564,1596,2400,1596,D:\back\projects_and_portfolio\Deep Learning\04_pc_vision\multi_methode\images\segmented\regina-victorica-FH8hDSkq8J4-unsplash_overlay.png,D:\back\projects_and_portfolio\Deep Learning\04_pc_vision\multi_methode\images\yolo\regina-victorica-FH8hDSkq8J4-unsplash_overlay_from_overlay_yolo.png
chair,0.8029,2012,756,2163,907,2400,1596,D:\back\projects_and_portfolio\Deep Learning\04_pc_vision\multi_methode\images\segmented\regina-victorica-FH8hDSkq8J4-unsplash_overlay.png,D:\back\projects_and_portfolio\Deep Learning\04_pc_vision\multi_methode\images\yolo\regina-victorica-FH8hDSkq8J4-unsplash_overlay_from_overlay_yolo.png
person,0.7974,2134,1031,2356,1231,2400,1596,D:\back\projects_and_portfolio\Deep Learning\04_pc_vision\multi_methode\images\segmented\regina-victorica-FH8hDSkq8J4-unsplash_overlay.png,D:\back\projects_and_portfolio\Deep Learning\04_pc_vision\multi_methode\images\yolo\regina-victorica-FH8hDSkq8J4-unsplash_overlay_from_overlay_yolo.png
person,0.7930,828,58,965,352,2400,1596,D:\back\projects_and_portfolio\Deep Learning\04_pc_vision\multi_methode\images\segmented\regina-victorica-FH8hDSkq8J4-unsplash_overlay.png,D:\back\projects_and_portfolio\Deep Learning\04_pc_vision\multi_methode\images\yolo\regina-victorica-FH8hDSkq8J4-unsplash_overlay_from_overlay_yolo.png
chair,0.7885,1451,763,1586,903,2400,1596,D:\back\projects_and_portfolio\Deep Learning\04_pc_vision\multi_methode\images\segmented\regina-victorica-FH8hDSkq8J4-unsplash_overlay.png,D:\back\projects_and_portfolio\Deep Learning\04_pc_vision\multi_methode\images\yolo\regina-victorica-FH8hDSkq8J4-unsplash_overlay_from_overlay_yolo.png
person,0.7865,558,1156,714,1339,2400,1596,D:\back\projects_and_portfolio\Deep Learning\04_pc_vision\multi_methode\images\segmented\regina-victorica-FH8hDSkq8J4-unsplash_overlay.png,D:\back\projects_and_portfolio\Deep Learning\04_pc_vision\multi_methode\images\yolo\regina-victorica-FH8hDSkq8J4-unsplash_overlay_from_overlay_yolo.png
chair,0.7856,749,1213,908,1409,2400,1596,D:\back\projects_and_portfolio\Deep Learning\04_pc_vision\multi_methode\images\segmented\regina-victorica-FH8hDSkq8J4-unsplash_overlay.png,D:\back\projects_and_portfolio\Deep Learning\04_pc_vision\multi_methode\images\yolo\regina-victorica-FH8hDSkq8J4-unsplash_overlay_from_overlay_yolo.png
chair,0.7835,1122,808,1244,972,2400,1596,D:\back\projects_and_portfolio\Deep Learning\04_pc_vision\multi_methode\images\segmented\regina-victorica-FH8hDSkq8J4-unsplash_overlay.png,D:\back\projects_and_portfolio\Deep Learning\04_pc_vision\multi_methode\images\yolo\regina-victorica-FH8hDSkq8J4-unsplash_overlay_from_overlay_yolo.png
person,0.7798,1014,1052,1191,1219,2400,1596,D:\back\projects_and_portfolio\Deep Learning\04_pc_vision\multi_methode\images\segmented\regina-victorica-FH8hDSkq8J4-unsplash_overlay.png,D:\back\projects_and_portfolio\Deep Learning\04_pc_vision\multi_methode\images\yolo\regina-victorica-FH8hDSkq8J4-unsplash_overlay_from_overlay_yolo.png
chair,0.7746,665,432,789,576,2400,1596,D:\back\projects_and_portfolio\Deep Learning\04_pc_vision\multi_methode\images\segmented\regina-victorica-FH8hDSkq8J4-unsplash_overlay.png,D:\back\projects_and_portfolio\Deep Learning\04_pc_vision\multi_methode\images\yolo\regina-victorica-FH8hDSkq8J4-unsplash_overlay_from_overlay_yolo.png
person,0.7740,850,1040,1000,1238,2400,1596,D:\back\projects_and_portfolio\Deep Learning\04_pc_vision\multi_methode\images\segmented\regina-victorica-FH8hDSkq8J4-unsplash_overlay.png,D:\back\projects_and_portfolio\Deep Learning\04_pc_vision\multi_methode\images\yolo\regina-victorica-FH8hDSkq8J4-unsplash_overlay_from_overlay_yolo.png
chair,0.7570,1646,729,1820,886,2400,1596,D:\back\projects_and_portfolio\Deep Learning\04_pc_vision\multi_methode\images\segmented\regina-victorica-FH8hDSkq8J4-unsplash_overlay.png,D:\back\projects_and_portfolio\Deep Learning\04_pc_vision\multi_methode\images\yolo\regina-victorica-FH8hDSkq8J4-unsplash_overlay_from_overlay_yolo.png
chair,0.7515,87,466,281,602,2400,1596,D:\back\projects_and_portfolio\Deep Learning\04_pc_vision\multi_methode\images\segmented\regina-victorica-FH8hDSkq8J4-unsplash_overlay.png,D:\back\projects_and_portfolio\Deep Learning\04_pc_vision\multi_methode\images\yolo\regina-victorica-FH8hDSkq8J4-unsplash_overlay_from_overlay_yolo.png
chair,0.7314,576,591,688,730,2400,1596,D:\back\projects_and_portfolio\Deep Learning\04_pc_vision\multi_methode\images\segmented\regina-victorica-FH8hDSkq8J4-unsplash_overlay.png,D:\back\projects_and_portfolio\Deep Learning\04_pc_vision\multi_methode\images\yolo\regina-victorica-FH8hDSkq8J4-unsplash_overlay_from_overlay_yolo.png
dining table,0.7313,2063,562,2341,814,2400,1596,D:\back\projects_and_portfolio\Deep Learning\04_pc_vision\multi_methode\images\segmented\regina-victorica-FH8hDSkq8J4-unsplash_overlay.png,D:\back\projects_and_portfolio\Deep Learning\04_pc_vision\multi_methode\images\yolo\regina-victorica-FH8hDSkq8J4-unsplash_overlay_from_overlay_yolo.png
person,0.7272,332,1197,498,1379,2400,1596,D:\back\projects_and_portfolio\Deep Learning\04_pc_vision\multi_methode\images\segmented\regina-victorica-FH8hDSkq8J4-unsplash_overlay.png,D:\back\projects_and_portfolio\Deep Learning\04_pc_vision\multi_methode\images\yolo\regina-victorica-FH8hDSkq8J4-unsplash_overlay_from_overlay_yolo.png
chair,0.7202,878,852,1042,1000,2400,1596,D:\back\projects_and_portfolio\Deep Learning\04_pc_vision\multi_methode\images\segmented\regina-victorica-FH8hDSkq8J4-unsplash_overlay.png,D:\back\projects_and_portfolio\Deep Learning\04_pc_vision\multi_methode\images\yolo\regina-victorica-FH8hDSkq8J4-unsplash_overlay_from_overlay_yolo.png
chair,0.7015,0,959,168,1137,2400,1596,D:\back\projects_and_portfolio\Deep Learning\04_pc_vision\multi_methode\images\segmented\regina-victorica-FH8hDSkq8J4-unsplash_overlay.png,D:\back\projects_and_portfolio\Deep Learning\04_pc_vision\multi_methode\images\yolo\regina-victorica-FH8hDSkq8J4-unsplash_overlay_from_overlay_yolo.png
person,0.6988,123,687,316,889,2400,1596,D:\back\projects_and_portfolio\Deep Learning\04_pc_vision\multi_methode\images\segmented\regina-victorica-FH8hDSkq8J4-unsplash_overlay.png,D:\back\projects_and_portfolio\Deep Learning\04_pc_vision\multi_methode\images\yolo\regina-victorica-FH8hDSkq8J4-unsplash_overlay_from_overlay_yolo.png
person,0.6932,521,826,673,983,2400,1596,D:\back\projects_and_portfolio\Deep Learning\04_pc_vision\multi_methode\images\segmented\regina-victorica-FH8hDSkq8J4-unsplash_overlay.png,D:\back\projects_and_portfolio\Deep Learning\04_pc_vision\multi_methode\images\yolo\regina-victorica-FH8hDSkq8J4-unsplash_overlay_from_overlay_yolo.png
chair,0.6926,2208,750,2398,899,2400,1596,D:\back\projects_and_portfolio\Deep Learning\04_pc_vision\multi_methode\images\segmented\regina-victorica-FH8hDSkq8J4-unsplash_overlay.png,D:\back\projects_and_portfolio\Deep Learning\04_pc_vision\multi_methode\images\yolo\regina-victorica-FH8hDSkq8J4-unsplash_overlay_from_overlay_yolo.png
person,0.6832,294,0,455,245,2400,1596,D:\back\projects_and_portfolio\Deep Learning\04_pc_vision\multi_methode\images\segmented\regina-victorica-FH8hDSkq8J4-unsplash_overlay.png,D:\back\projects_and_portfolio\Deep Learning\04_pc_vision\multi_methode\images\yolo\regina-victorica-FH8hDSkq8J4-unsplash_overlay_from_overlay_yolo.png
dining table,0.6789,1470,567,1713,826,2400,1596,D:\back\projects_and_portfolio\Deep Learning\04_pc_vision\multi_methode\images\segmented\regina-victorica-FH8hDSkq8J4-unsplash_overlay.png,D:\back\projects_and_portfolio\Deep Learning\04_pc_vision\multi_methode\images\yolo\regina-victorica-FH8hDSkq8J4-unsplash_overlay_from_overlay_yolo.png
person,0.6614,1528,992,1681,1137,2400,1596,D:\back\projects_and_portfolio\Deep Learning\04_pc_vision\multi_methode\images\segmented\regina-victorica-FH8hDSkq8J4-unsplash_overlay.png,D:\back\projects_and_portfolio\Deep Learning\04_pc_vision\multi_methode\images\yolo\regina-victorica-FH8hDSkq8J4-unsplash_overlay_from_overlay_yolo.png
chair,0.6538,1490,969,1582,1168,2400,1596,D:\back\projects_and_portfolio\Deep Learning\04_pc_vision\multi_methode\images\segmented\regina-victorica-FH8hDSkq8J4-unsplash_overlay.png,D:\back\projects_and_portfolio\Deep Learning\04_pc_vision\multi_methode\images\yolo\regina-victorica-FH8hDSkq8J4-unsplash_overlay_from_overlay_yolo.png
person,0.6269,921,763,1037,905,2400,1596,D:\back\projects_and_portfolio\Deep Learning\04_pc_vision\multi_methode\images\segmented\regina-victorica-FH8hDSkq8J4-unsplash_overlay.png,D:\back\projects_and_portfolio\Deep Learning\04_pc_vision\multi_methode\images\yolo\regina-victorica-FH8hDSkq8J4-unsplash_overlay_from_overlay_yolo.png
chair,0.6224,1115,1422,1256,1547,2400,1596,D:\back\projects_and_portfolio\Deep Learning\04_pc_vision\multi_methode\images\segmented\regina-victorica-FH8hDSkq8J4-unsplash_overlay.png,D:\back\projects_and_portfolio\Deep Learning\04_pc_vision\multi_methode\images\yolo\regina-victorica-FH8hDSkq8J4-unsplash_overlay_from_overlay_yolo.png
chair,0.6099,559,952,706,1070,2400,1596,D:\back\projects_and_portfolio\Deep Learning\04_pc_vision\multi_methode\images\segmented\regina-victorica-FH8hDSkq8J4-unsplash_overlay.png,D:\back\projects_and_portfolio\Deep Learning\04_pc_vision\multi_methode\images\yolo\regina-victorica-FH8hDSkq8J4-unsplash_overlay_from_overlay_yolo.png
person,0.5903,342,618,541,810,2400,1596,D:\back\projects_and_portfolio\Deep Learning\04_pc_vision\multi_methode\images\segmented\regina-victorica-FH8hDSkq8J4-unsplash_overlay.png,D:\back\projects_and_portfolio\Deep Learning\04_pc_vision\multi_methode\images\yolo\regina-victorica-FH8hDSkq8J4-unsplash_overlay_from_overlay_yolo.png
person,0.5861,1644,640,1781,811,2400,1596,D:\back\projects_and_portfolio\Deep Learning\04_pc_vision\multi_methode\images\segmented\regina-victorica-FH8hDSkq8J4-unsplash_overlay.png,D:\back\projects_and_portfolio\Deep Learning\04_pc_vision\multi_methode\images\yolo\regina-victorica-FH8hDSkq8J4-unsplash_overlay_from_overlay_yolo.png
chair,0.5588,1072,433,1183,578,2400,1596,D:\back\projects_and_portfolio\Deep Learning\04_pc_vision\multi_methode\images\segmented\regina-victorica-FH8hDSkq8J4-unsplash_overlay.png,D:\back\projects_and_portfolio\Deep Learning\04_pc_vision\multi_methode\images\yolo\regina-victorica-FH8hDSkq8J4-unsplash_overlay_from_overlay_yolo.png
person,0.5286,447,339,616,538,2400,1596,D:\back\projects_and_portfolio\Deep Learning\04_pc_vision\multi_methode\images\segmented\regina-victorica-FH8hDSkq8J4-unsplash_overlay.png,D:\back\projects_and_portfolio\Deep Learning\04_pc_vision\multi_methode\images\yolo\regina-victorica-FH8hDSkq8J4-unsplash_overlay_from_overlay_yolo.png
person,0.5269,1032,749,1199,973,2400,1596,D:\back\projects_and_portfolio\Deep Learning\04_pc_vision\multi_methode\images\segmented\regina-victorica-FH8hDSkq8J4-unsplash_overlay.png,D:\back\projects_and_portfolio\Deep Learning\04_pc_vision\multi_methode\images\yolo\regina-victorica-FH8hDSkq8J4-unsplash_overlay_from_overlay_yolo.png
person,0.5129,1723,997,1899,1185,2400,1596,D:\back\projects_and_portfolio\Deep Learning\04_pc_vision\multi_methode\images\segmented\regina-victorica-FH8hDSkq8J4-unsplash_overlay.png,D:\back\projects_and_portfolio\Deep Learning\04_pc_vision\multi_methode\images\yolo\regina-victorica-FH8hDSkq8J4-unsplash_overlay_from_overlay_yolo.png
dining table,0.4758,0,734,209,940,2400,1596,D:\back\projects_and_portfolio\Deep Learning\04_pc_vision\multi_methode\images\segmented\regina-victorica-FH8hDSkq8J4-unsplash_overlay.png,D:\back\projects_and_portfolio\Deep Learning\04_pc_vision\multi_methode\images\yolo\regina-victorica-FH8hDSkq8J4-unsplash_overlay_from_overlay_yolo.png
chair,0.4740,312,928,521,1038,2400,1596,D:\back\projects_and_portfolio\Deep Learning\04_pc_vision\multi_methode\images\segmented\regina-victorica-FH8hDSkq8J4-unsplash_overlay.png,D:\back\projects_and_portfolio\Deep Learning\04_pc_vision\multi_methode\images\yolo\regina-victorica-FH8hDSkq8J4-unsplash_overlay_from_overlay_yolo.png
dining table,0.4601,997,293,1141,468,2400,1596,D:\back\projects_and_portfolio\Deep Learning\04_pc_vision\multi_methode\images\segmented\regina-victorica-FH8hDSkq8J4-unsplash_overlay.png,D:\back\projects_and_portfolio\Deep Learning\04_pc_vision\multi_methode\images\yolo\regina-victorica-FH8hDSkq8J4-unsplash_overlay_from_overlay_yolo.png
dining table,0.4499,1453,247,1612,414,2400,1596,D:\back\projects_and_portfolio\Deep Learning\04_pc_vision\multi_methode\images\segmented\regina-victorica-FH8hDSkq8J4-unsplash_overlay.png,D:\back\projects_and_portfolio\Deep Learning\04_pc_vision\multi_methode\images\yolo\regina-victorica-FH8hDSkq8J4-unsplash_overlay_from_overlay_yolo.png
person,0.4496,920,332,1049,496,2400,1596,D:\back\projects_and_portfolio\Deep Learning\04_pc_vision\multi_methode\images\segmented\regina-victorica-FH8hDSkq8J4-unsplash_overlay.png,D:\back\projects_and_portfolio\Deep Learning\04_pc_vision\multi_methode\images\yolo\regina-victorica-FH8hDSkq8J4-unsplash_overlay_from_overlay_yolo.png
person,0.4489,977,440,1088,648,2400,1596,D:\back\projects_and_portfolio\Deep Learning\04_pc_vision\multi_methode\images\segmented\regina-victorica-FH8hDSkq8J4-unsplash_overlay.png,D:\back\projects_and_portfolio\Deep Learning\04_pc_vision\multi_methode\images\yolo\regina-victorica-FH8hDSkq8J4-unsplash_overlay_from_overlay_yolo.png
dining table,0.4440,158,292,407,536,2400,1596,D:\back\projects_and_portfolio\Deep Learning\04_pc_vision\multi_methode\images\segmented\regina-victorica-FH8hDSkq8J4-unsplash_overlay.png,D:\back\projects_and_portfolio\Deep Learning\04_pc_vision\multi_methode\images\yolo\regina-victorica-FH8hDSkq8J4-unsplash_overlay_from_overlay_yolo.png
dining table,0.4314,875,653,1199,818,2400,1596,D:\back\projects_and_portfolio\Deep Learning\04_pc_vision\multi_methode\images\segmented\regina-victorica-FH8hDSkq8J4-unsplash_overlay.png,D:\back\projects_and_portfolio\Deep Learning\04_pc_vision\multi_methode\images\yolo\regina-victorica-FH8hDSkq8J4-unsplash_overlay_from_overlay_yolo.png
dining table,0.4224,455,706,717,932,2400,1596,D:\back\projects_and_portfolio\Deep Learning\04_pc_vision\multi_methode\images\segmented\regina-victorica-FH8hDSkq8J4-unsplash_overlay.png,D:\back\projects_and_portfolio\Deep Learning\04_pc_vision\multi_methode\images\yolo\regina-victorica-FH8hDSkq8J4-unsplash_overlay_from_overlay_yolo.png
person,0.4220,670,686,794,901,2400,1596,D:\back\projects_and_portfolio\Deep Learning\04_pc_vision\multi_methode\images\segmented\regina-victorica-FH8hDSkq8J4-unsplash_overlay.png,D:\back\projects_and_portfolio\Deep Learning\04_pc_vision\multi_methode\images\yolo\regina-victorica-FH8hDSkq8J4-unsplash_overlay_from_overlay_yolo.png
chair,0.4183,1046,1017,1170,1075,2400,1596,D:\back\projects_and_portfolio\Deep Learning\04_pc_vision\multi_methode\images\segmented\regina-victorica-FH8hDSkq8J4-unsplash_overlay.png,D:\back\projects_and_portfolio\Deep Learning\04_pc_vision\multi_methode\images\yolo\regina-victorica-FH8hDSkq8J4-unsplash_overlay_from_overlay_yolo.png
person,0.4168,1307,357,1406,613,2400,1596,D:\back\projects_and_portfolio\Deep Learning\04_pc_vision\multi_methode\images\segmented\regina-victorica-FH8hDSkq8J4-unsplash_overlay.png,D:\back\projects_and_portfolio\Deep Learning\04_pc_vision\multi_methode\images\yolo\regina-victorica-FH8hDSkq8J4-unsplash_overlay_from_overlay_yolo.png
person,0.4105,0,1393,119,1595,2400,1596,D:\back\projects_and_portfolio\Deep Learning\04_pc_vision\multi_methode\images\segmented\regina-victorica-FH8hDSkq8J4-unsplash_overlay.png,D:\back\projects_and_portfolio\Deep Learning\04_pc_vision\multi_methode\images\yolo\regina-victorica-FH8hDSkq8J4-unsplash_overlay_from_overlay_yolo.png
handbag,0.3946,500,588,575,647,2400,1596,D:\back\projects_and_portfolio\Deep Learning\04_pc_vision\multi_methode\images\segmented\regina-victorica-FH8hDSkq8J4-unsplash_overlay.png,D:\back\projects_and_portfolio\Deep Learning\04_pc_vision\multi_methode\images\yolo\regina-victorica-FH8hDSkq8J4-unsplash_overlay_from_overlay_yolo.png
chair,0.3775,2057,404,2253,558,2400,1596,D:\back\projects_and_portfolio\Deep Learning\04_pc_vision\multi_methode\images\segmented\regina-victorica-FH8hDSkq8J4-unsplash_overlay.png,D:\back\projects_and_portfolio\Deep Learning\04_pc_vision\multi_methode\images\yolo\regina-victorica-FH8hDSkq8J4-unsplash_overlay_from_overlay_yolo.png
bowl,0.3681,446,1385,494,1434,2400,1596,D:\back\projects_and_portfolio\Deep Learning\04_pc_vision\multi_methode\images\segmented\regina-victorica-FH8hDSkq8J4-unsplash_overlay.png,D:\back\projects_and_portfolio\Deep Learning\04_pc_vision\multi_methode\images\yolo\regina-victorica-FH8hDSkq8J4-unsplash_overlay_from_overlay_yolo.png
person,0.3615,1621,528,1740,643,2400,1596,D:\back\projects_and_portfolio\Deep Learning\04_pc_vision\multi_methode\images\segmented\regina-victorica-FH8hDSkq8J4-unsplash_overlay.png,D:\back\projects_and_portfolio\Deep Learning\04_pc_vision\multi_methode\images\yolo\regina-victorica-FH8hDSkq8J4-unsplash_overlay_from_overlay_yolo.png
chair,0.3594,895,436,983,579,2400,1596,D:\back\projects_and_portfolio\Deep Learning\04_pc_vision\multi_methode\images\segmented\regina-victorica-FH8hDSkq8J4-unsplash_overlay.png,D:\back\projects_and_portfolio\Deep Learning\04_pc_vision\multi_methode\images\yolo\regina-victorica-FH8hDSkq8J4-unsplash_overlay_from_overlay_yolo.png
chair,0.3572,1554,360,1718,526,2400,1596,D:\back\projects_and_portfolio\Deep Learning\04_pc_vision\multi_methode\images\segmented\regina-victorica-FH8hDSkq8J4-unsplash_overlay.png,D:\back\projects_and_portfolio\Deep Learning\04_pc_vision\multi_methode\images\yolo\regina-victorica-FH8hDSkq8J4-unsplash_overlay_from_overlay_yolo.png
chair,0.3541,178,608,295,733,2400,1596,D:\back\projects_and_portfolio\Deep Learning\04_pc_vision\multi_methode\images\segmented\regina-victorica-FH8hDSkq8J4-unsplash_overlay.png,D:\back\projects_and_portfolio\Deep Learning\04_pc_vision\multi_methode\images\yolo\regina-victorica-FH8hDSkq8J4-unsplash_overlay_from_overlay_yolo.png
dining table,0.3408,2289,1069,2398,1279,2400,1596,D:\back\projects_and_portfolio\Deep Learning\04_pc_vision\multi_methode\images\segmented\regina-victorica-FH8hDSkq8J4-unsplash_overlay.png,D:\back\projects_and_portfolio\Deep Learning\04_pc_vision\multi_methode\images\yolo\regina-victorica-FH8hDSkq8J4-unsplash_overlay_from_overlay_yolo.png
chair,0.3343,1173,375,1256,510,2400,1596,D:\back\projects_and_portfolio\Deep Learning\04_pc_vision\multi_methode\images\segmented\regina-victorica-FH8hDSkq8J4-unsplash_overlay.png,D:\back\projects_and_portfolio\Deep Learning\04_pc_vision\multi_methode\images\yolo\regina-victorica-FH8hDSkq8J4-unsplash_overlay_from_overlay_yolo.png
broccoli,0.3278,2325,45,2399,187,2400,1596,D:\back\projects_and_portfolio\Deep Learning\04_pc_vision\multi_methode\images\segmented\regina-victorica-FH8hDSkq8J4-unsplash_overlay.png,D:\back\projects_and_portfolio\Deep Learning\04_pc_vision\multi_methode\images\yolo\regina-victorica-FH8hDSkq8J4-unsplash_overlay_from_overlay_yolo.png
person,0.3230,316,485,446,647,2400,1596,D:\back\projects_and_portfolio\Deep Learning\04_pc_vision\multi_methode\images\segmented\regina-victorica-FH8hDSkq8J4-unsplash_overlay.png,D:\back\projects_and_portfolio\Deep Learning\04_pc_vision\multi_methode\images\yolo\regina-victorica-FH8hDSkq8J4-unsplash_overlay_from_overlay_yolo.png
chair,0.3187,506,84,591,257,2400,1596,D:\back\projects_and_portfolio\Deep Learning\04_pc_vision\multi_methode\images\segmented\regina-victorica-FH8hDSkq8J4-unsplash_overlay.png,D:\back\projects_and_portfolio\Deep Learning\04_pc_vision\multi_methode\images\yolo\regina-victorica-FH8hDSkq8J4-unsplash_overlay_from_overlay_yolo.png
person,0.3179,2062,688,2185,824,2400,1596,D:\back\projects_and_portfolio\Deep Learning\04_pc_vision\multi_methode\images\segmented\regina-victorica-FH8hDSkq8J4-unsplash_overlay.png,D:\back\projects_and_portfolio\Deep Learning\04_pc_vision\multi_methode\images\yolo\regina-victorica-FH8hDSkq8J4-unsplash_overlay_from_overlay_yolo.png
person,0.3164,1496,656,1596,788,2400,1596,D:\back\projects_and_portfolio\Deep Learning\04_pc_vision\multi_methode\images\segmented\regina-victorica-FH8hDSkq8J4-unsplash_overlay.png,D:\back\projects_and_portfolio\Deep Learning\04_pc_vision\multi_methode\images\yolo\regina-victorica-FH8hDSkq8J4-unsplash_overlay_from_overlay_yolo.png
person,0.3050,1214,390,1313,608,2400,1596,D:\back\projects_and_portfolio\Deep Learning\04_pc_vision\multi_methode\images\segmented\regina-victorica-FH8hDSkq8J4-unsplash_overlay.png,D:\back\projects_and_portfolio\Deep Learning\04_pc_vision\multi_methode\images\yolo\regina-victorica-FH8hDSkq8J4-unsplash_overlay_from_overlay_yolo.png
chair,0.3015,2212,549,2336,642,2400,1596,D:\back\projects_and_portfolio\Deep Learning\04_pc_vision\multi_methode\images\segmented\regina-victorica-FH8hDSkq8J4-unsplash_overlay.png,D:\back\projects_and_portfolio\Deep Learning\04_pc_vision\multi_methode\images\yolo\regina-victorica-FH8hDSkq8J4-unsplash_overlay_from_overlay_yolo.png
dining table,0.2994,0,643,126,777,2400,1596,D:\back\projects_and_portfolio\Deep Learning\04_pc_vision\multi_methode\images\segmented\regina-victorica-FH8hDSkq8J4-unsplash_overlay.png,D:\back\projects_and_portfolio\Deep Learning\04_pc_vision\multi_methode\images\yolo\regina-victorica-FH8hDSkq8J4-unsplash_overlay_from_overlay_yolo.png
person,0.2991,2234,653,2382,823,2400,1596,D:\back\projects_and_portfolio\Deep Learning\04_pc_vision\multi_methode\images\segmented\regina-victorica-FH8hDSkq8J4-unsplash_overlay.png,D:\back\projects_and_portfolio\Deep Learning\04_pc_vision\multi_methode\images\yolo\regina-victorica-FH8hDSkq8J4-unsplash_overlay_from_overlay_yolo.png
person,0.2978,1538,285,1694,478,2400,1596,D:\back\projects_and_portfolio\Deep Learning\04_pc_vision\multi_methode\images\segmented\regina-victorica-FH8hDSkq8J4-unsplash_overlay.png,D:\back\projects_and_portfolio\Deep Learning\04_pc_vision\multi_methode\images\yolo\regina-victorica-FH8hDSkq8J4-unsplash_overlay_from_overlay_yolo.png
chair,0.2916,1880,320,2048,523,2400,1596,D:\back\projects_and_portfolio\Deep Learning\04_pc_vision\multi_methode\images\segmented\regina-victorica-FH8hDSkq8J4-unsplash_overlay.png,D:\back\projects_and_portfolio\Deep Learning\04_pc_vision\multi_methode\images\yolo\regina-victorica-FH8hDSkq8J4-unsplash_overlay_from_overlay_yolo.png
chair,0.2884,1394,427,1482,529,2400,1596,D:\back\projects_and_portfolio\Deep Learning\04_pc_vision\multi_methode\images\segmented\regina-victorica-FH8hDSkq8J4-unsplash_overlay.png,D:\back\projects_and_portfolio\Deep Learning\04_pc_vision\multi_methode\images\yolo\regina-victorica-FH8hDSkq8J4-unsplash_overlay_from_overlay_yolo.png
handbag,0.2807,901,1353,1067,1525,2400,1596,D:\back\projects_and_portfolio\Deep Learning\04_pc_vision\multi_methode\images\segmented\regina-victorica-FH8hDSkq8J4-unsplash_overlay.png,D:\back\projects_and_portfolio\Deep Learning\04_pc_vision\multi_methode\images\yolo\regina-victorica-FH8hDSkq8J4-unsplash_overlay_from_overlay_yolo.png
chair,0.2795,663,1228,734,1359,2400,1596,D:\back\projects_and_portfolio\Deep Learning\04_pc_vision\multi_methode\images\segmented\regina-victorica-FH8hDSkq8J4-unsplash_overlay.png,D:\back\projects_and_portfolio\Deep Learning\04_pc_vision\multi_methode\images\yolo\regina-victorica-FH8hDSkq8J4-unsplash_overlay_from_overlay_yolo.png
handbag,0.2650,164,291,315,390,2400,1596,D:\back\projects_and_portfolio\Deep Learning\04_pc_vision\multi_methode\images\segmented\regina-victorica-FH8hDSkq8J4-unsplash_overlay.png,D:\back\projects_and_portfolio\Deep Learning\04_pc_vision\multi_methode\images\yolo\regina-victorica-FH8hDSkq8J4-unsplash_overlay_from_overlay_yolo.png
bowl,0.2551,901,1353,1064,1524,2400,1596,D:\back\projects_and_portfolio\Deep Learning\04_pc_vision\multi_methode\images\segmented\regina-victorica-FH8hDSkq8J4-unsplash_overlay.png,D:\back\projects_and_portfolio\Deep Learning\04_pc_vision\multi_methode\images\yolo\regina-victorica-FH8hDSkq8J4-unsplash_overlay_from_overlay_yolo.png
chair,0.2502,81,1437,197,1595,2400,1596,D:\back\projects_and_portfolio\Deep Learning\04_pc_vision\multi_methode\images\segmented\regina-victorica-FH8hDSkq8J4-unsplash_overlay.png,D:\back\projects_and_portfolio\Deep Learning\04_pc_vision\multi_methode\images\yolo\regina-victorica-FH8hDSkq8J4-unsplash_overlay_from_overlay_yolo.png
